{
  "trainval": {
    "rmse": 9.278324127197266,
    "mae": 4.360028266906738,
    "spearman": 0.9930822191025678,
    "pearson": 0.9956280417684268,
    "pairwise": 0.9771354395458103,
    "n": 11099
  },
  "test": {
    "rmse": 12.52223014831543,
    "mae": 4.70367956161499,
    "spearman": 0.9871946868313235,
    "pearson": 0.991921758441213,
    "pairwise": 0.9745703026082553,
    "n": 1234
  }
}