{
  "energy_ground_min": 0.0,
  "energy_excited_min": [
    0.1800716801272877,
    0.22784579934473115,
    0.2572452573246964
  ],
  "force_ground_mean": [
    [
      1.5410327935687151e-16,
      1.602025574476495e-17,
      -5.081702328291224e-16
    ],
    [
      -2.3089434861054305e-16,
      -5.650180138318561e-16,
      -2.255188772552213e-16
    ],
    [
      -3.4321950319687995e-16,
      -2.977451386972821e-16,
      -3.3366525428885745e-16
    ],
    [
      1.0364912451733468e-15,
      8.892207013991822e-17,
      3.972319221065337e-16
    ],
    [
      -1.606271907324505e-16,
      6.507119059316394e-16,
      -5.410696616447271e-16
    ],
    [
      9.27244681901817e-17,
      5.377401506616283e-17,
      1.8409783047417842e-16
    ],
    [
      -6.32549182249924e-16,
      3.2689042324498697e-16,
      5.705527226689782e-17
    ],
    [
      -7.566193074635977e-17,
      9.087152294741371e-17,
      -2.929197604609071e-16
    ],
    [
      3.1114038868145906e-17,
      9.61987405203717e-17,
      -5.607535858154598e-16
    ],
    [
      1.2581305183265226e-15,
      8.681820522885873e-16,
      -9.264726213839971e-19
    ],
    [
      -3.25809538520039e-17,
      -1.9552432613791438e-16,
      5.867659935431982e-18
    ],
    [
      5.791225944167802e-16,
      1.9588140412740613e-16,
      3.18166139393621e-16
    ]
  ],
  "force_ground_std": [
    [
      1.0000000000000002,
      1.0,
      1.0000000000000002
    ],
    [
      1.0000000000000009,
      1.0,
      1.0000000000000002
    ],
    [
      0.9999999999999999,
      1.0000000000000007,
      1.0000000000000002
    ],
    [
      1.0000000000000004,
      1.0000000000000002,
      1.0
    ],
    [
      0.9999999999999993,
      1.0000000000000004,
      1.0000000000000007
    ],
    [
      1.0000000000000009,
      1.0,
      1.0000000000000004
    ],
    [
      0.9999999999999996,
      1.000000000000001,
      1.0000000000000002
    ],
    [
      0.9999999999999998,
      1.000000000000001,
      1.0000000000000018
    ],
    [
      1.0000000000000002,
      1.0000000000000002,
      1.000000000000001
    ],
    [
      1.0000000000000002,
      0.9999999999999989,
      1.0
    ],
    [
      0.9999999999999987,
      1.0000000000000002,
      0.9999999999999998
    ],
    [
      0.9999999999999989,
      1.0000000000000016,
      0.9999999999999981
    ]
  ],
  "force_excited_mean": [
    [
      [
        1.5410327935687151e-16,
        1.602025574476495e-17,
        -5.081702328291224e-16
      ],
      [
        -2.3089434861054305e-16,
        -5.650180138318561e-16,
        -2.255188772552213e-16
      ],
      [
        -3.4321950319687995e-16,
        -2.977451386972821e-16,
        -3.3366525428885745e-16
      ],
      [
        1.0364912451733468e-15,
        8.892207013991822e-17,
        3.972319221065337e-16
      ],
      [
        -1.606271907324505e-16,
        6.507119059316394e-16,
        -5.410696616447271e-16
      ],
      [
        9.27244681901817e-17,
        5.377401506616283e-17,
        1.8409783047417842e-16
      ],
      [
        -6.32549182249924e-16,
        3.2689042324498697e-16,
        5.705527226689782e-17
      ],
      [
        -7.566193074635977e-17,
        9.087152294741371e-17,
        -2.929197604609071e-16
      ],
      [
        3.1114038868145906e-17,
        9.61987405203717e-17,
        -5.607535858154598e-16
      ],
      [
        1.2581305183265226e-15,
        8.681820522885873e-16,
        -9.264726213839971e-19
      ],
      [
        -3.25809538520039e-17,
        -1.9552432613791438e-16,
        5.867659935431982e-18
      ],
      [
        5.791225944167802e-16,
        1.9588140412740613e-16,
        3.18166139393621e-16
      ]
    ],
    [
      [
        1.5410327935687151e-16,
        1.602025574476495e-17,
        -5.081702328291224e-16
      ],
      [
        -2.3089434861054305e-16,
        -5.650180138318561e-16,
        -2.255188772552213e-16
      ],
      [
        -3.4321950319687995e-16,
        -2.977451386972821e-16,
        -3.3366525428885745e-16
      ],
      [
        1.0364912451733468e-15,
        8.892207013991822e-17,
        3.972319221065337e-16
      ],
      [
        -1.606271907324505e-16,
        6.507119059316394e-16,
        -5.410696616447271e-16
      ],
      [
        9.27244681901817e-17,
        5.377401506616283e-17,
        1.8409783047417842e-16
      ],
      [
        -6.32549182249924e-16,
        3.2689042324498697e-16,
        5.705527226689782e-17
      ],
      [
        -7.566193074635977e-17,
        9.087152294741371e-17,
        -2.929197604609071e-16
      ],
      [
        3.1114038868145906e-17,
        9.61987405203717e-17,
        -5.607535858154598e-16
      ],
      [
        1.2581305183265226e-15,
        8.681820522885873e-16,
        -9.264726213839971e-19
      ],
      [
        -3.25809538520039e-17,
        -1.9552432613791438e-16,
        5.867659935431982e-18
      ],
      [
        5.791225944167802e-16,
        1.9588140412740613e-16,
        3.18166139393621e-16
      ]
    ],
    [
      [
        1.5410327935687151e-16,
        1.602025574476495e-17,
        -5.081702328291224e-16
      ],
      [
        -2.3089434861054305e-16,
        -5.650180138318561e-16,
        -2.255188772552213e-16
      ],
      [
        -3.4321950319687995e-16,
        -2.977451386972821e-16,
        -3.3366525428885745e-16
      ],
      [
        1.0364912451733468e-15,
        8.892207013991822e-17,
        3.972319221065337e-16
      ],
      [
        -1.606271907324505e-16,
        6.507119059316394e-16,
        -5.410696616447271e-16
      ],
      [
        9.27244681901817e-17,
        5.377401506616283e-17,
        1.8409783047417842e-16
      ],
      [
        -6.32549182249924e-16,
        3.2689042324498697e-16,
        5.705527226689782e-17
      ],
      [
        -7.566193074635977e-17,
        9.087152294741371e-17,
        -2.929197604609071e-16
      ],
      [
        3.1114038868145906e-17,
        9.61987405203717e-17,
        -5.607535858154598e-16
      ],
      [
        1.2581305183265226e-15,
        8.681820522885873e-16,
        -9.264726213839971e-19
      ],
      [
        -3.25809538520039e-17,
        -1.9552432613791438e-16,
        5.867659935431982e-18
      ],
      [
        5.791225944167802e-16,
        1.9588140412740613e-16,
        3.18166139393621e-16
      ]
    ]
  ],