{
  "trainval": {
    "rmse": 0.2087387591600418,
    "mae": 0.1606491059064865,
    "spearman": 0.7232675818326336,
    "pearson": 0.7428547384895154,
    "pairwise": 0.7636322150282078,
    "n": 1149
  },
  "test": {
    "rmse": 0.1993778496980667,
    "mae": 0.15014763176441193,
    "spearman": 0.7781974564596671,
    "pearson": 0.8041909018801593,
    "pairwise": 0.7870155275706077,
    "n": 129
  }
}