{
  "energy_ground_min": 0.0,
  "energy_excited_min": [
    0.0,
    0.0,
    0.0
  ],
  "force_ground_mean": [
    [
      -3.0752496663696823e-16,
      5.798020550381378e-17,
      1.3452088795304812e-16
    ],
    [
      -1.0966006562248478e-16,
      1.0352999984234588e-16,
      -3.0122462125182547e-16
    ],
    [
      -6.354834858743994e-16,
      9.263210512209895e-17,
      -2.7764089595879106e-16
    ],
    [
      -8.132553934984276e-16,
      -1.4758984763709424e-16,
      1.252619344309633e-17
    ],
    [
      -1.852642102441979e-16,
      -7.015519726158965e-16,
      1.7892129495780417e-16
    ],
    [
      -3.214878942472846e-16,
      -1.1170342088253108e-16,
      -2.2970718715020493e-16
    ],
    [
      -3.6780394680833404e-17,
      5.95127219488485e-17,
      9.195098670208351e-18
    ],
    [
      -1.2260131560277803e-16,
      -2.3158026280524737e-16,
      -6.099415451238206e-16
    ],
    [
      -2.696590394742352e-16,
      3.6780394680833407e-16,
      -4.46132565110109e-16
    ],
    [
      -1.2314621033879037e-15,
      -7.566799947358956e-17,
      1.5601868808478524e-16
    ],
    [
      -5.176499992117294e-17,
      1.689173681638275e-16,
      -1.167266692301449e-16
    ],
    [
      1.1579013140262368e-17,
      3.0037322322680615e-16,
      -1.0489223668237675e-16
    ]
  ],
  "force_ground_std": [
    [
      1.0000000000000002,
      1.0000000000000002,
      1.0000000000000004
    ],
    [
      1.0000000000000002,
      1.0,
      1.0
    ],
    [
      0.9999999999999998,
      0.9999999999999999,
      0.9999999999999994
    ],
    [
      1.0000000000000004,
      1.0000000000000002,
      1.0000000000000002
    ],
    [
      1.0,
      1.0,
      1.0000000000000009
    ],
    [
      1.0000000000000002,
      1.0,
      0.9999999999999994
    ],
    [
      1.0,
      1.0000000000000002,
      0.9999999999999996
    ],
    [
      1.0000000000000002,
      1.0,
      0.9999999999999993
    ],
    [
      1.0000000000000004,
      1.0000000000000002,
      1.0000000000000002
    ],
    [
      1.0,
      0.9999999999999999,
      0.9999999999999997
    ],
    [
      0.9999999999999997,
      1.0,
      1.0000000000000002
    ],
    [
      0.9999999999999997,
      1.0,
      1.0000000000000004
    ]
  ],
  "force_excited_mean": [
    [
      [
        -3.0752496663696823e-16,
        5.798020550381378e-17,
        1.3452088795304812e-16
      ],
      [
        -1.0966006562248478e-16,
        1.0352999984234588e-16,
        -3.0122462125182547e-16
      ],
      [
        -6.354834858743994e-16,
        9.263210512209895e-17,
        -2.7764089595879106e-16
      ],
      [
        -8.132553934984276e-16,
        -1.4758984763709424e-16,
        1.252619344309633e-17
      ],
      [
        -1.852642102441979e-16,
        -7.015519726158965e-16,
        1.7892129495780417e-16
      ],
      [
        -3.214878942472846e-16,
        -1.1170342088253108e-16,
        -2.2970718715020493e-16
      ],
      [
        -3.6780394680833404e-17,
        5.95127219488485e-17,
        9.195098670208351e-18
      ],
      [
        -1.2260131560277803e-16,
        -2.3158026280524737e-16,
        -6.099415451238206e-16
      ],
      [
        -2.696590394742352e-16,
        3.6780394680833407e-16,
        -4.46132565110109e-16
      ],
      [
        -1.2314621033879037e-15,
        -7.566799947358956e-17,
        1.5601868808478524e-16
      ],
      [
        -5.176499992117294e-17,
        1.689173681638275e-16,
        -1.167266692301449e-16
      ],
      [
        1.1579013140262368e-17,
        3.0037322322680615e-16,
        -1.0489223668237675e-16
      ]
    ],
    [
      [
        -3.0752496663696823e-16,
        5.798020550381378e-17,
        1.3452088795304812e-16
      ],
      [
        -1.0966006562248478e-16,
        1.0352999984234588e-16,
        -3.0122462125182547e-16
      ],
      [
        -6.354834858743994e-16,
        9.263210512209895e-17,
        -2.7764089595879106e-16
      ],
      [
        -8.132553934984276e-16,
        -1.4758984763709424e-16,
        1.252619344309633e-17
      ],
      [
        -1.852642102441979e-16,
        -7.015519726158965e-16,
        1.7892129495780417e-16
      ],
      [
        -3.214878942472846e-16,
        -1.1170342088253108e-16,
        -2.2970718715020493e-16
      ],
      [
        -3.6780394680833404e-17,
        5.95127219488485e-17,
        9.195098670208351e-18
      ],
      [
        -1.2260131560277803e-16,
        -2.3158026280524737e-16,
        -6.099415451238206e-16
      ],
      [
        -2.696590394742352e-16,
        3.6780394680833407e-16,
        -4.46132565110109e-16
      ],
      [
        -1.2314621033879037e-15,
        -7.566799947358956e-17,
        1.5601868808478524e-16
      ],
      [
        -5.176499992117294e-17,
        1.689173681638275e-16,
        -1.167266692301449e-16
      ],
      [
        1.1579013140262368e-17,
        3.0037322322680615e-16,
        -1.0489223668237675e-16
      ]
    ],
    [
      [
        -3.0752496663696823e-16,
        5.798020550381378e-17,
        1.3452088795304812e-16
      ],
      [
        -1.0966006562248478e-16,
        1.0352999984234588e-16,
        -3.0122462125182547e-16
      ],
      [
        -6.354834858743994e-16,
        9.263210512209895e-17,
        -2.7764089595879106e-16
      ],
      [
        -8.132553934984276e-16,
        -1.4758984763709424e-16,
        1.252619344309633e-17
      ],
      [
        -1.852642102441979e-16,
        -7.015519726158965e-16,
        1.7892129495780417e-16
      ],
      [
        -3.214878942472846e-16,
        -1.1170342088253108e-16,
        -2.2970718715020493e-16
      ],
      [
        -3.6780394680833404e-17,
        5.95127219488485e-17,
        9.195098670208351e-18
      ],
      [
        -1.2260131560277803e-16,
        -2.3158026280524737e-16,
        -6.099415451238206e-16
      ],
      [
        -2.696590394742352e-16,
        3.6780394680833407e-16,
        -4.46132565110109e-16
      ],
      [
        -1.2314621033879037e-15,
        -7.566799947358956e-17,
        1.5601868808478524e-16
      ],
      [
        -5.176499992117294e-17,
        1.689173681638275e-16,
        -1.167266692301449e-16
      ],
      [
        1.1579013140262368e-17,
        3.0037322322680615e-16,
        -1.0489223668237675e-16
      ]
    ]
  ],