{
  "lambda": {
    "trainval": {
      "rmse": 9.278324127197266,
      "mae": 4.360028266906738,
      "spearman": 0.9930822191025678,
      "pearson": 0.9956280417684268,
      "pairwise": 0.9771354395458103,
      "n": 11099
    },
    "test": {
      "rmse": 12.52223014831543,
      "mae": 4.70367956161499,
      "spearman": 0.9871946868313235,
      "pearson": 0.991921758441213,
      "pairwise": 0.9745703026082553,
      "n": 1234
    }
  },
  "phi": {
    "trainval": {
      "rmse": 0.2087387591600418,
      "mae": 0.1606491059064865,
      "spearman": 0.7232675818326336,
      "pearson": 0.7428547384895154,
      "pairwise": 0.7636322150282078,
      "n": 1149
    },
    "test": {
      "rmse": 0.1993778496980667,
      "mae": 0.15014763176441193,
      "spearman": 0.7781974564596671,
      "pearson": 0.8041909018801593,
      "pairwise": 0.7870155275706077,
      "n": 129
    }
  }
}